"","SiteID","Latitude","Longitude","BioRealm","HydroBasin","Country"
"1","S1468",47.0737,5.165636186,"Palearctic",2080016510,"FRA"
"2","S1481",46.51408,4.946774568,"Palearctic",2080016510,"FRA"
"3","S1548",47.13404,5.179873916,"Palearctic",2080016510,"FRA"
"4","S1578",46.94337,5.018529049,"Palearctic",2080016510,"FRA"
"5","S3412",44.28374,4.597914602,"Palearctic",2080016510,"FRA"
"6","S3440",44.17545,3.75054294,"Palearctic",2080016510,"FRA"
"7","S5193",43.67891,4.622915558,"Palearctic",2080016510,"FRA"
"8","S5449",45.94411,4.728940626,"Palearctic",2080016510,"FRA"
"9","S5471",45.81158,5.088671483,"Palearctic",2080016510,"FRA"
"10","S5472",45.6457,4.816577863,"Palearctic",2080016510,"FRA"
"11","S5490",45.58124,4.780833767,"Palearctic",2080016510,"FRA"
"12","S5546",45.71204,5.548479468,"Palearctic",2080016510,"FRA"
"13","S6024",41.72961,2.603859,"Palearctic",2080016960,"ESP"
"14","S2679",41.72662,2.422229,"Palearctic",2080016960,"ESP"
"15","S3237",41.72785,2.418851,"Palearctic",2080016960,"ESP"
"16","S3782",41.71138,2.434891,"Palearctic",2080016960,"ESP"
"17","S4441",41.68959,2.456891,"Palearctic",2080016960,"ESP"
"18","S7644",42.67485,-2.334549,"Palearctic",2080017150,"ESP"
"19","S1245",42.677,-2.896588,"Palearctic",2080017150,"ESP"
"20","S2548",42.77704,-3.045683,"Palearctic",2080017150,"ESP"
"21","S3048",42.86955,-2.26487,"Palearctic",2080017150,"ESP"
"22","S3785",42.69162,-2.84529,"Palearctic",2080017150,"ESP"
"23","S3908",42.88558,-2.498491,"Palearctic",2080017150,"ESP"
"24","S4024",42.87408,-3.068161,"Palearctic",2080017150,"ESP"
"25","S5899",42.86305,-2.577459,"Palearctic",2080017150,"ESP"
"26","S8253",43.17052,-2.897998,"Palearctic",2080020120,"ESP"
"27","S1095",43.14021,-2.939267,"Palearctic",2080020120,"ESP"
"28","S1657",43.21178,-2.754653,"Palearctic",2080020120,"ESP"
"29","S2075",43.23463,-2.88092,"Palearctic",2080020120,"ESP"
"30","S4061",43.22955,-2.849528,"Palearctic",2080020120,"ESP"
"31","S4714",43.21169,-3.095792,"Palearctic",2080020120,"ESP"
"32","S522",43.24153,-2.996502,"Palearctic",2080020120,"ESP"
"33","S5118",43.18203,-2.668698,"Palearctic",2080020120,"ESP"
"34","S5934",43.15482,-2.612329,"Palearctic",2080020120,"ESP"
"35","S416",43.54374,-1.063647133,"Palearctic",2080020330,"FRA"
"36","S419",43.71326,-0.406402852,"Palearctic",2080020330,"FRA"
"37","S420",43.7722,-0.43785662,"Palearctic",2080020330,"FRA"
"38","S4396",43.49785,0.028239529,"Palearctic",2080020330,"FRA"
"39","S482",43.33698,-1.026560739,"Palearctic",2080020330,"FRA"
"40","S484",43.17057,-0.898311791,"Palearctic",2080020330,"FRA"
"41","S4299",44.47406,1.425225645,"Palearctic",2080020590,"FRA"
"42","S4301",44.09135,1.102034196,"Palearctic",2080020590,"FRA"
"43","S4302",44.08287,1.348029188,"Palearctic",2080020590,"FRA"
"44","S4313",44.29637,2.838236118,"Palearctic",2080020590,"FRA"
"45","S4318",44.53032,2.792184644,"Palearctic",2080020590,"FRA"
"46","S4330",43.95292,1.171936526,"Palearctic",2080020590,"FRA"
"47","S4333",44.58554,2.22970346,"Palearctic",2080020590,"FRA"
"48","S4346",43.51213,1.387766842,"Palearctic",2080020590,"FRA"
"49","S4361",43.08432,1.83997429,"Palearctic",2080020590,"FRA"
"50","S4368",43.76631,2.316885261,"Palearctic",2080020590,"FRA"
"51","S4370",44.10212,3.086332566,"Palearctic",2080020590,"FRA"
"52","S4383",43.84377,0.671387005,"Palearctic",2080020590,"FRA"
"53","S460",44.28879,0.320432989,"Palearctic",2080020590,"FRA"
"54","S810",46.3937,2.603677491,"Palearctic",2080021030,"FRA"
"55","S811",46.34047,3.310242911,"Palearctic",2080021030,"FRA"
"56","S813",46.19145,3.418680007,"Palearctic",2080021030,"FRA"
"57","S819",46.20657,3.649999803,"Palearctic",2080021030,"FRA"
"58","S892",45.11562,3.490677038,"Palearctic",2080021030,"FRA"
"59","S894",45.25327,3.654940367,"Palearctic",2080021030,"FRA"
"60","S903",45.33064,4.153826302,"Palearctic",2080021030,"FRA"
"61","S1133",48.3854,0.83662611,"Palearctic",2080021030,"FRA"
"62","S1157",48.64958,-0.580241592,"Palearctic",2080021030,"FRA"
"63","S1159",48.69012,-0.744099437,"Palearctic",2080021030,"FRA"
"64","S2247",48.06747,1.290440027,"Palearctic",2080021030,"FRA"
"65","S2252",47.06,1.088061001,"Palearctic",2080021030,"FRA"
"66","S2257",47.21082,0.078099578,"Palearctic",2080021030,"FRA"
"67","S2290",47.34448,0.479755215,"Palearctic",2080021030,"FRA"
"68","S3715",45.8415,1.098091361,"Palearctic",2080021030,"FRA"
"69","S3723",45.98779,1.867253935,"Palearctic",2080021030,"FRA"
"70","S4684",47.39273,-0.860737195,"Palearctic",2080021030,"FRA"
"71","S4690",48.27328,-0.202792883,"Palearctic",2080021030,"FRA"
"72","S4692",47.81489,-0.09125947,"Palearctic",2080021030,"FRA"
"73","S4693",48.2545,0.045863615,"Palearctic",2080021030,"FRA"
"74","S4707",47.86893,-0.697232395,"Palearctic",2080021030,"FRA"
"75","S4723",47.21547,-0.08005605,"Palearctic",2080021030,"FRA"
"76","S5017",46.60793,-0.418771064,"Palearctic",2080021030,"FRA"
"77","S1558",47.66271,3.709177013,"Palearctic",2080022150,"FRA"
"78","S2467",48.54894,3.680825221,"Palearctic",2080022150,"FRA"
"79","S2515",49.237,4.409559607,"Palearctic",2080022150,"FRA"
"80","S2523",48.57321,3.777467513,"Palearctic",2080022150,"FRA"
"81","S2528",48.22713,4.29717781,"Palearctic",2080022150,"FRA"
"82","S2541",49.58374,4.307492368,"Palearctic",2080022150,"FRA"
"83","S2543",49.48011,4.579073297,"Palearctic",2080022150,"FRA"
"84","S2545",48.99656,4.241690712,"Palearctic",2080022150,"FRA"
"85","S2552",48.50738,3.88982603,"Palearctic",2080022150,"FRA"
"86","S3159",49.31014,1.23665644,"Palearctic",2080022150,"FRA"
"87","S3175",49.35352,1.325227245,"Palearctic",2080022150,"FRA"
"88","S3257",49.12606,2.171535869,"Palearctic",2080022150,"FRA"
"89","S3260",49.14545,2.285255527,"Palearctic",2080022150,"FRA"
"90","S3270",49.02871,1.618921412,"Palearctic",2080022150,"FRA"
"91","S3283",48.29541,2.782063274,"Palearctic",2080022150,"FRA"
"92","S3867",49.22789,5.034368743,"Palearctic",2080022150,"FRA"
"93","S4857",49.3029,2.604164303,"Palearctic",2080022150,"FRA"
"94","S4863",49.43615,2.876470159,"Palearctic",2080022150,"FRA"
"95","S4864",49.26901,1.883369935,"Palearctic",2080022150,"FRA"
"96","S5",48.3125,7.713469027,"Palearctic",2080023010,"FRA"
"97","S6",48.25271,7.675227352,"Palearctic",2080023010,"FRA"
"98","S42",48.35528,7.580241699,"Palearctic",2080023010,"FRA"
"99","S7",48.25453,7.679114042,"Palearctic",2080023010,"FRA"
"100","S63",47.53952,7.175098786,"Palearctic",2080023010,"FRA"
"101","S8",48.68385,7.916471249,"Palearctic",2080023010,"FRA"
"102","S3870",49.17183,5.681327109,"Palearctic",2080023010,"FRA"
"103","S3901",49.44907,6.346834842,"Palearctic",2080023010,"FRA"
"104","S3957",48.96434,6.877591998,"Palearctic",2080023010,"FRA"
"105","S3966",48.128,6.51566334,"Palearctic",2080023010,"FRA"
"106","S3972",48.5795,6.628375786,"Palearctic",2080023010,"FRA"
"107","S10015",62.257,21.70723,"Palearctic",2080029400,"FIN"
"108","S10038",62.23097,21.62033,"Palearctic",2080029400,"FIN"
"109","S11887",62.25215,21.50644,"Palearctic",2080029400,"FIN"
"110","S11924",62.18825,21.79551,"Palearctic",2080029400,"FIN"
"111","S11928",62.24074,21.56713,"Palearctic",2080029400,"FIN"
"112","S12211",62.17077,21.87122,"Palearctic",2080029400,"FIN"
"113","S12290",62.18614,21.80866,"Palearctic",2080029400,"FIN"
"114","S12298",62.23755,21.74352,"Palearctic",2080029400,"FIN"
"115","S12306",62.24244,21.73995,"Palearctic",2080029400,"FIN"
"116","S12317",62.19841,21.79455,"Palearctic",2080029400,"FIN"
"117","S8284",67.17837,23.54941,"Palearctic",2080030100,"SWE"
"118","S8286",67.18034,23.54981,"Palearctic",2080030100,"SWE"
"119","S8295",67.24614,22.89947,"Palearctic",2080030100,"SWE"
"120","S8298",67.2598,22.98133,"Palearctic",2080030100,"SWE"
"121","S8302",67.25551,23.25805,"Palearctic",2080030100,"SWE"
"122","S8330",67.35383,22.61583,"Palearctic",2080030100,"SWE"
"123","S8341",67.38497,22.67041,"Palearctic",2080030100,"SWE"
"124","S8355",67.4478,22.66175,"Palearctic",2080030100,"SWE"
"125","S8362",67.50935,22.66322,"Palearctic",2080030100,"SWE"
"126","S8379",67.69078,21.43046,"Palearctic",2080030100,"SWE"
"127","S8387",67.6705,22.68281,"Palearctic",2080030100,"SWE"
"128","S8388",67.73616,21.01847,"Palearctic",2080030100,"SWE"
"129","S8390",67.73463,21.16798,"Palearctic",2080030100,"SWE"
"130","S8391",67.69076,22.64488,"Palearctic",2080030100,"SWE"
"131","S8392",67.77568,20.92657,"Palearctic",2080030100,"SWE"
"132","S8433",67.76319,23.25594,"Palearctic",2080030100,"SWE"
"133","S8476",68.12228,21.6376,"Palearctic",2080030100,"SWE"
"134","S8477",68.12248,21.64198,"Palearctic",2080030100,"SWE"
"135","S8478",68.12712,21.61758,"Palearctic",2080030100,"SWE"
"136","S8484",68.27846,21.4434,"Palearctic",2080030100,"SWE"
"137","S8485",68.28055,21.44295,"Palearctic",2080030100,"SWE"
"138","S8486",68.29059,21.44932,"Palearctic",2080030100,"SWE"
"139","S8490",68.29198,21.45088,"Palearctic",2080030100,"SWE"
"140","S8492",68.37757,21.57075,"Palearctic",2080030100,"SWE"
"141","S8493",68.38117,21.56825,"Palearctic",2080030100,"SWE"
"142","S8494",68.38113,21.56946,"Palearctic",2080030100,"SWE"
"143","S8496",68.38496,21.56532,"Palearctic",2080030100,"SWE"
"144","S7831",65.881,23.00482,"Palearctic",2080030160,"SWE"
"145","S7850",65.9501,22.87432,"Palearctic",2080030160,"SWE"
"146","S7878",66.00251,22.84993,"Palearctic",2080030160,"SWE"
"147","S7935",66.07586,22.73135,"Palearctic",2080030160,"SWE"
"148","S7987",66.15986,22.80498,"Palearctic",2080030160,"SWE"
"149","S8057",66.40654,22.80129,"Palearctic",2080030160,"SWE"
"150","S8064",66.45647,22.65779,"Palearctic",2080030160,"SWE"
"151","S8079",66.53137,22.75105,"Palearctic",2080030160,"SWE"
"152","S8081",66.56617,22.46747,"Palearctic",2080030160,"SWE"
"153","S8084",66.55626,22.75079,"Palearctic",2080030160,"SWE"
"154","S8143",66.62494,22.40508,"Palearctic",2080030160,"SWE"
"155","S8146",66.61378,22.75224,"Palearctic",2080030160,"SWE"
"156","S8174",66.83121,22.76161,"Palearctic",2080030160,"SWE"
"157","S8177",66.89819,22.00417,"Palearctic",2080030160,"SWE"
"158","S8180",66.91207,22.78586,"Palearctic",2080030160,"SWE"
"159","S8261",67.15355,21.53464,"Palearctic",2080030160,"SWE"
"160","S8272",67.19177,21.6024,"Palearctic",2080030160,"SWE"
"161","S8289",67.25057,22.3153,"Palearctic",2080030160,"SWE"
"162","S8321",67.34325,22.00872,"Palearctic",2080030160,"SWE"
"163","S8329",67.36925,21.9365,"Palearctic",2080030160,"SWE"
"164","S8335",67.39216,21.89281,"Palearctic",2080030160,"SWE"
"165","S8337",67.40593,21.91176,"Palearctic",2080030160,"SWE"
"166","S8338",67.44558,20.87571,"Palearctic",2080030160,"SWE"
"167","S8345",67.47175,20.56885,"Palearctic",2080030160,"SWE"
"168","S8346",67.42914,21.84299,"Palearctic",2080030160,"SWE"
"169","S8347",67.47736,20.53693,"Palearctic",2080030160,"SWE"
"170","S8354",67.49525,21.06284,"Palearctic",2080030160,"SWE"
"171","S8356",67.50994,21.04824,"Palearctic",2080030160,"SWE"
"172","S8370",67.67527,20.55569,"Palearctic",2080030160,"SWE"
"173","S8383",67.73372,20.32395,"Palearctic",2080030160,"SWE"
"174","S7985",66.20481,21.54393,"Palearctic",2080030220,"SWE"
"175","S7986",66.20836,21.44983,"Palearctic",2080030220,"SWE"
"176","S7989",66.24847,21.35575,"Palearctic",2080030220,"SWE"
"177","S8007",66.25488,21.34778,"Palearctic",2080030220,"SWE"
"178","S8017",66.28797,21.34279,"Palearctic",2080030220,"SWE"
"179","S8023",66.32216,21.37039,"Palearctic",2080030220,"SWE"
"180","S8033",66.39968,21.25441,"Palearctic",2080030220,"SWE"
"181","S8052",66.44563,21.17969,"Palearctic",2080030220,"SWE"
"182","S8053",66.44898,21.1766,"Palearctic",2080030220,"SWE"
"183","S8065",66.51782,21.10443,"Palearctic",2080030220,"SWE"
"184","S8074",66.57591,21.08861,"Palearctic",2080030220,"SWE"
"185","S7362",64.94975,21.21689,"Palearctic",2080030370,"SWE"
"186","S7410",65.02944,21.35653,"Palearctic",2080030370,"SWE"
"187","S7415",65.03844,21.32519,"Palearctic",2080030370,"SWE"
"188","S7453",65.08421,21.23722,"Palearctic",2080030370,"SWE"
"189","S7457",65.09353,21.19861,"Palearctic",2080030370,"SWE"
"190","S7498",65.10657,21.17862,"Palearctic",2080030370,"SWE"
"191","S7509",65.12375,21.11569,"Palearctic",2080030370,"SWE"
"192","S7517",65.13671,21.02997,"Palearctic",2080030370,"SWE"
"193","S7526",65.14151,20.9654,"Palearctic",2080030370,"SWE"
"194","S7531",65.15455,20.90488,"Palearctic",2080030370,"SWE"
"195","S7533",65.15723,20.91609,"Palearctic",2080030370,"SWE"
"196","S7545",65.16503,20.90069,"Palearctic",2080030370,"SWE"
"197","S7548",65.17528,20.87442,"Palearctic",2080030370,"SWE"
"198","S7568",65.20721,20.83664,"Palearctic",2080030370,"SWE"
"199","S7592",65.25953,20.79941,"Palearctic",2080030370,"SWE"
"200","S7626",65.38142,20.52085,"Palearctic",2080030370,"SWE"
"201","S7633",65.41716,20.44399,"Palearctic",2080030370,"SWE"
"202","S7371",64.97102,21.11863,"Palearctic",2080030420,"SWE"
"203","S7385",65.00037,21.04413,"Palearctic",2080030420,"SWE"
"204","S7392",65.01411,21.00092,"Palearctic",2080030420,"SWE"
"205","S7397",65.02233,20.98699,"Palearctic",2080030420,"SWE"
"206","S7398",65.02441,20.9374,"Palearctic",2080030420,"SWE"
"207","S7401",65.0352,20.77776,"Palearctic",2080030420,"SWE"
"208","S7406",65.03742,20.97971,"Palearctic",2080030420,"SWE"
"209","S7417",65.0645,20.8024,"Palearctic",2080030420,"SWE"
"210","S7448",65.09455,20.79099,"Palearctic",2080030420,"SWE"
"211","S7578",65.24196,20.40095,"Palearctic",2080030420,"SWE"
"212","S7584",65.26414,20.31857,"Palearctic",2080030420,"SWE"
"213","S7585",65.26603,20.33629,"Palearctic",2080030420,"SWE"
"214","S7593",65.27716,20.25534,"Palearctic",2080030420,"SWE"
"215","S7595",65.28448,20.21429,"Palearctic",2080030420,"SWE"
"216","S7598",65.32066,19.99853,"Palearctic",2080030420,"SWE"
"217","S7615",65.37325,19.80517,"Palearctic",2080030420,"SWE"
"218","S7627",65.41103,19.69664,"Palearctic",2080030420,"SWE"
"219","S7637",65.45165,19.55758,"Palearctic",2080030420,"SWE"
"220","S7652",65.50972,19.44885,"Palearctic",2080030420,"SWE"
"221","S7300",64.8347,20.97382,"Palearctic",2080030460,"SWE"
"222","S7303",64.83489,20.98609,"Palearctic",2080030460,"SWE"
"223","S7304",64.83987,20.9142,"Palearctic",2080030460,"SWE"
"224","S7305",64.84802,20.88534,"Palearctic",2080030460,"SWE"
"225","S7323",64.88083,20.77085,"Palearctic",2080030460,"SWE"
"226","S7328",64.88706,20.73283,"Palearctic",2080030460,"SWE"
"227","S7329",64.89011,20.71808,"Palearctic",2080030460,"SWE"
"228","S7332",64.90135,20.63502,"Palearctic",2080030460,"SWE"
"229","S7346",64.92637,20.52503,"Palearctic",2080030460,"SWE"
"230","S7347",64.93278,20.55907,"Palearctic",2080030460,"SWE"
"231","S7350",64.93851,20.56159,"Palearctic",2080030460,"SWE"
"232","S7352",64.94247,20.56187,"Palearctic",2080030460,"SWE"
"233","S7162",64.22509,20.79156,"Palearctic",2080030560,"SWE"
"234","S7166",64.24725,20.76145,"Palearctic",2080030560,"SWE"
"235","S7199",64.35773,20.40689,"Palearctic",2080030560,"SWE"
"236","S7201",64.36171,20.40859,"Palearctic",2080030560,"SWE"
"237","S7213",64.42658,20.38934,"Palearctic",2080030560,"SWE"
"238","S7216",64.4431,20.33489,"Palearctic",2080030560,"SWE"
"239","S7220",64.46302,20.2268,"Palearctic",2080030560,"SWE"
"240","S7230",64.54423,20.21594,"Palearctic",2080030560,"SWE"
"241","S7273",64.79804,19.38403,"Palearctic",2080030560,"SWE"
"242","S6914",63.91067,20.57016,"Palearctic",2080030610,"SWE"
"243","S6939",63.92861,20.57118,"Palearctic",2080030610,"SWE"
"244","S7064",63.97949,20.52726,"Palearctic",2080030610,"SWE"
"245","S7081",64.08321,20.40457,"Palearctic",2080030610,"SWE"
"246","S7084",64.08413,20.41807,"Palearctic",2080030610,"SWE"
"247","S7085",64.09298,20.40824,"Palearctic",2080030610,"SWE"
"248","S7092",64.10397,20.40184,"Palearctic",2080030610,"SWE"
"249","S7111",64.14035,20.38832,"Palearctic",2080030610,"SWE"
"250","S7112",64.1461,20.3481,"Palearctic",2080030610,"SWE"
"251","S7113",64.14626,20.35738,"Palearctic",2080030610,"SWE"
"252","S7116",64.15514,20.36089,"Palearctic",2080030610,"SWE"
"253","S7124",64.16967,20.34166,"Palearctic",2080030610,"SWE"
"254","S7125",64.17237,20.28337,"Palearctic",2080030610,"SWE"
"255","S7129",64.17794,20.37907,"Palearctic",2080030610,"SWE"
"256","S7132",64.18444,20.37231,"Palearctic",2080030610,"SWE"
"257","S7140",64.18921,20.29125,"Palearctic",2080030610,"SWE"
"258","S7148",64.19916,20.27431,"Palearctic",2080030610,"SWE"
"259","S7151",64.20192,20.35107,"Palearctic",2080030610,"SWE"
"260","S7153",64.20432,20.34011,"Palearctic",2080030610,"SWE"
"261","S7154",64.2041,20.37617,"Palearctic",2080030610,"SWE"
"262","S7159",64.22644,20.18995,"Palearctic",2080030610,"SWE"
"263","S7170",64.27644,20.25994,"Palearctic",2080030610,"SWE"
"264","S7174",64.29441,20.17077,"Palearctic",2080030610,"SWE"
"265","S7178",64.29622,20.23003,"Palearctic",2080030610,"SWE"
"266","S7185",64.32359,20.12609,"Palearctic",2080030610,"SWE"
"267","S6887",63.86928,20.33384,"Palearctic",2080030630,"SWE"
"268","S6890",63.87237,20.3639,"Palearctic",2080030630,"SWE"
"269","S6934",63.93509,20.29853,"Palearctic",2080030630,"SWE"
"270","S6969",63.94534,20.30119,"Palearctic",2080030630,"SWE"
"271","S7067",63.99848,20.20941,"Palearctic",2080030630,"SWE"
"272","S7102",64.12414,20.09464,"Palearctic",2080030630,"SWE"
"273","S6801",63.62494,19.91101,"Palearctic",2080030660,"SWE"
"274","S6809",63.66073,19.9162,"Palearctic",2080030660,"SWE"
"275","S6812",63.67311,19.90788,"Palearctic",2080030660,"SWE"
"276","S6817",63.68108,19.89587,"Palearctic",2080030660,"SWE"
"277","S6831",63.7049,19.84768,"Palearctic",2080030660,"SWE"
"278","S6833",63.71532,19.79648,"Palearctic",2080030660,"SWE"
"279","S6841",63.73073,19.77534,"Palearctic",2080030660,"SWE"
"280","S6850",63.77218,19.63805,"Palearctic",2080030660,"SWE"
"281","S6851",63.77164,19.65828,"Palearctic",2080030660,"SWE"
"282","S6853",63.7725,19.6594,"Palearctic",2080030660,"SWE"
"283","S6857",63.79336,19.54952,"Palearctic",2080030660,"SWE"
"284","S6859",63.79376,19.5516,"Palearctic",2080030660,"SWE"
"285","S6870",63.83293,19.51308,"Palearctic",2080030660,"SWE"
"286","S6882",63.86509,19.48473,"Palearctic",2080030660,"SWE"
"287","S6897",63.92051,19.442,"Palearctic",2080030660,"SWE"
"288","S6898",63.92099,19.44106,"Palearctic",2080030660,"SWE"
"289","S6900",63.92601,19.36519,"Palearctic",2080030660,"SWE"
"290","S6959",63.97206,19.29949,"Palearctic",2080030660,"SWE"
"291","S6964",63.96962,19.41774,"Palearctic",2080030660,"SWE"
"292","S6791",63.57538,19.67725,"Palearctic",2080030710,"SWE"
"293","S6793",63.58913,19.66381,"Palearctic",2080030710,"SWE"
"294","S6796",63.60541,19.66299,"Palearctic",2080030710,"SWE"
"295","S6797",63.60622,19.66269,"Palearctic",2080030710,"SWE"
"296","S6806",63.65645,19.61534,"Palearctic",2080030710,"SWE"
"297","S6821",63.69368,19.60334,"Palearctic",2080030710,"SWE"
"298","S6835",63.72653,19.49405,"Palearctic",2080030710,"SWE"
"299","S6836",63.73149,19.44749,"Palearctic",2080030710,"SWE"
"300","S6861",63.80296,19.34759,"Palearctic",2080030710,"SWE"
"301","S6866",63.82513,19.32232,"Palearctic",2080030710,"SWE"
"302","S6867",63.82631,19.32918,"Palearctic",2080030710,"SWE"
"303","S7041",63.98931,19.13905,"Palearctic",2080030710,"SWE"
"304","S6810",63.69297,19.08089,"Palearctic",2080030760,"SWE"
"305","S6811",63.69333,19.08498,"Palearctic",2080030760,"SWE"
"306","S6815",63.69818,19.04911,"Palearctic",2080030760,"SWE"
"307","S6879",63.87545,18.80277,"Palearctic",2080030760,"SWE"
"308","S6883",63.87921,18.9054,"Palearctic",2080030760,"SWE"
"309","S6905",63.94537,18.82515,"Palearctic",2080030760,"SWE"
"310","S6909",63.94888,18.83307,"Palearctic",2080030760,"SWE"
"311","S7043",63.99968,18.67495,"Palearctic",2080030760,"SWE"
"312","S6720",63.18881,17.59758,"Palearctic",2080031060,"SWE"
"313","S6728",63.20761,17.58681,"Palearctic",2080031060,"SWE"
"314","S6742",63.29761,17.52078,"Palearctic",2080031060,"SWE"
"315","S7179",64.36333,16.47272,"Palearctic",2080031060,"SWE"
"316","S7181",64.37107,16.44598,"Palearctic",2080031060,"SWE"
"317","S7186",64.39109,16.37803,"Palearctic",2080031060,"SWE"
"318","S7203",64.43496,16.27308,"Palearctic",2080031060,"SWE"
"319","S4939",59.64708,14.73761,"Palearctic",2080031740,"SWE"
"320","S4948",59.65802,15.9435,"Palearctic",2080031740,"SWE"
"321","S5241",59.82648,15.50117,"Palearctic",2080031740,"SWE"
"322","S5258",59.84797,15.48045,"Palearctic",2080031740,"SWE"
"323","S5358",59.91915,15.52086,"Palearctic",2080031740,"SWE"
"324","S4128",58.99735,17.93951,"Palearctic",2080031750,"SWE"
"325","S4129",58.99968,17.91808,"Palearctic",2080031750,"SWE"
"326","S4130",59.00001,17.93063,"Palearctic",2080031750,"SWE"
"327","S4201",59.07941,17.5701,"Palearctic",2080031750,"SWE"
"328","S4207",59.0814,17.60108,"Palearctic",2080031750,"SWE"
"329","S4210",59.08259,17.55369,"Palearctic",2080031750,"SWE"
"330","S4241",59.11358,17.80234,"Palearctic",2080031750,"SWE"
"331","S4255",59.13568,17.8363,"Palearctic",2080031750,"SWE"
"332","S4265",59.14196,17.84768,"Palearctic",2080031750,"SWE"
"333","S4291",59.16934,18.33819,"Palearctic",2080031750,"SWE"
"334","S2896",57.7924,15.06656,"Palearctic",2080031960,"SWE"
"335","S2966",57.83064,15.09675,"Palearctic",2080031960,"SWE"
"336","S3039",57.85491,15.35952,"Palearctic",2080031960,"SWE"
"337","S3103",57.88606,15.38206,"Palearctic",2080031960,"SWE"
"338","S3109",57.88794,15.38036,"Palearctic",2080031960,"SWE"
"339","S3115",57.88999,15.37747,"Palearctic",2080031960,"SWE"
"340","S3217",57.97065,15.51203,"Palearctic",2080031960,"SWE"
"341","S3253",57.98852,15.51458,"Palearctic",2080031960,"SWE"
"342","S3271",57.9975,14.43121,"Palearctic",2080031960,"SWE"
"343","S3338",58.04579,14.18549,"Palearctic",2080031960,"SWE"
"344","S1593",57.1254,16.48215,"Palearctic",2080032230,"SWE"
"345","S1597",57.12733,16.32251,"Palearctic",2080032230,"SWE"
"346","S1599",57.1271,16.48383,"Palearctic",2080032230,"SWE"
"347","S1606",57.13005,16.12341,"Palearctic",2080032230,"SWE"
"348","S1611",57.13044,16.25931,"Palearctic",2080032230,"SWE"
"349","S1760",57.21177,15.91063,"Palearctic",2080032230,"SWE"
"350","S1798",57.23677,15.84645,"Palearctic",2080032230,"SWE"
"351","S1800",57.23722,15.85323,"Palearctic",2080032230,"SWE"
"352","S1818",57.24958,15.39769,"Palearctic",2080032230,"SWE"
"353","S2109",57.42731,15.46663,"Palearctic",2080032230,"SWE"
"354","S2119",57.43409,15.39315,"Palearctic",2080032230,"SWE"
"355","S2136",57.4472,14.96078,"Palearctic",2080032230,"SWE"
"356","S2784",57.72231,15.38818,"Palearctic",2080032230,"SWE"
"357","S2785",57.72321,15.38901,"Palearctic",2080032230,"SWE"
"358","S1559",57.08451,14.84866,"Palearctic",2080032600,"SWE"
"359","S1581",57.11136,15.10709,"Palearctic",2080032600,"SWE"
"360","S1674",57.17078,14.78855,"Palearctic",2080032600,"SWE"
"361","S417",56.17385,14.75027,"Palearctic",2080032600,"SWE"
"362","S469",56.1919,14.74938,"Palearctic",2080032600,"SWE"
"363","S491",56.19996,14.74756,"Palearctic",2080032600,"SWE"
"364","S561",56.22469,14.7617,"Palearctic",2080032600,"SWE"
"365","S591",56.24097,14.77912,"Palearctic",2080032600,"SWE"
"366","S666",56.29113,14.74746,"Palearctic",2080032600,"SWE"
"367","S678",56.29199,14.7442,"Palearctic",2080032600,"SWE"
"368","S969",56.47667,13.86263,"Palearctic",2080032670,"SWE"
"369","S1283",56.83025,14.18595,"Palearctic",2080032670,"SWE"
"370","S1362",56.86345,14.21812,"Palearctic",2080032670,"SWE"
"371","S374",56.1031,14.12807,"Palearctic",2080032670,"SWE"
"372","S439",56.1741,14.04177,"Palearctic",2080032670,"SWE"
"373","S553",56.21579,14.16168,"Palearctic",2080032670,"SWE"
"374","S560",56.20825,13.62963,"Palearctic",2080032670,"SWE"
"375","S592",56.22996,13.65356,"Palearctic",2080032670,"SWE"
"376","S609",56.2464,13.64359,"Palearctic",2080032670,"SWE"
"377","S660",56.26715,13.6329,"Palearctic",2080032670,"SWE"
"378","S998",56.49314,13.2541,"Palearctic",2080033010,"SWE"
"379","S1054",56.59408,13.29648,"Palearctic",2080033010,"SWE"
"380","S1065",56.61503,13.47268,"Palearctic",2080033010,"SWE"
"381","S1528",57.05423,14.19136,"Palearctic",2080033010,"SWE"
"382","S1531",57.05587,14.20003,"Palearctic",2080033010,"SWE"
"383","S1554",57.07559,14.23298,"Palearctic",2080033010,"SWE"
"384","S2123",57.4319,14.48663,"Palearctic",2080033010,"SWE"
"385","S2310",57.52735,14.06415,"Palearctic",2080033010,"SWE"
"386","S2329",57.53995,14.13307,"Palearctic",2080033010,"SWE"
"387","S2355",57.54925,14.12241,"Palearctic",2080033010,"SWE"
"388","S2366",57.55807,14.11031,"Palearctic",2080033010,"SWE"
"389","S1041",56.57863,13.07844,"Palearctic",2080033020,"SWE"
"390","S1060",56.60055,13.12649,"Palearctic",2080033020,"SWE"
"391","S1081",56.62094,13.20762,"Palearctic",2080033020,"SWE"
"392","S1100",56.63851,13.06206,"Palearctic",2080033020,"SWE"
"393","S1111",56.66469,13.07866,"Palearctic",2080033020,"SWE"
"394","S1121",56.66922,12.92841,"Palearctic",2080033020,"SWE"
"395","S1129",56.68725,12.98327,"Palearctic",2080033020,"SWE"
"396","S1173",56.70074,13.03063,"Palearctic",2080033020,"SWE"
"397","S1191",56.70476,13.07025,"Palearctic",2080033020,"SWE"
"398","S1208",56.71719,13.04698,"Palearctic",2080033020,"SWE"
"399","S1213",56.72883,13.10282,"Palearctic",2080033020,"SWE"
"400","S1215",56.73541,13.10398,"Palearctic",2080033020,"SWE"
"401","S1266",56.78334,13.19466,"Palearctic",2080033020,"SWE"
"402","S1193",56.70342,12.9415,"Palearctic",2080033080,"SWE"
"403","S1251",56.76174,12.98176,"Palearctic",2080033080,"SWE"
"404","S1277",56.79911,13.02877,"Palearctic",2080033080,"SWE"
"405","S1288",56.81758,13.05695,"Palearctic",2080033080,"SWE"
"406","S1427",56.93222,13.06511,"Palearctic",2080033080,"SWE"
"407","S1542",57.0445,13.1142,"Palearctic",2080033080,"SWE"
"408","S2292",57.50647,13.64299,"Palearctic",2080033080,"SWE"
"409","S2432",57.57077,13.72862,"Palearctic",2080033080,"SWE"
"410","S2445",57.5819,13.72212,"Palearctic",2080033080,"SWE"
"411","S2463",57.59332,13.73402,"Palearctic",2080033080,"SWE"
"412","S2478",57.60115,13.77372,"Palearctic",2080033080,"SWE"
"413","S2580",57.62175,13.77005,"Palearctic",2080033080,"SWE"
"414","S2581",57.62283,13.75309,"Palearctic",2080033080,"SWE"
"415","S2628",57.64083,13.89878,"Palearctic",2080033080,"SWE"
"416","S2709",57.66327,13.79696,"Palearctic",2080033080,"SWE"
"417","S2715",57.66359,13.79738,"Palearctic",2080033080,"SWE"
"418","S2723",57.66875,13.90452,"Palearctic",2080033080,"SWE"
"419","S2740",57.67948,13.86575,"Palearctic",2080033080,"SWE"
"420","S2783",57.705,13.80902,"Palearctic",2080033080,"SWE"
"421","S2803",57.71632,13.81509,"Palearctic",2080033080,"SWE"
"422","S2813",57.72515,13.80538,"Palearctic",2080033080,"SWE"
"423","S2855",57.75106,13.91398,"Palearctic",2080033080,"SWE"
"424","S1112",56.6573,12.73438,"Palearctic",2080033090,"SWE"
"425","S1117",56.6646,12.82776,"Palearctic",2080033090,"SWE"
"426","S1209",56.70934,12.69125,"Palearctic",2080033090,"SWE"
"427","S1265",56.77229,12.84853,"Palearctic",2080033090,"SWE"
"428","S1387",56.8713,12.87243,"Palearctic",2080033090,"SWE"
"429","S1392",56.87664,12.79023,"Palearctic",2080033090,"SWE"
"430","S1414",56.91901,12.78829,"Palearctic",2080033090,"SWE"
"431","S1416",56.91962,12.7876,"Palearctic",2080033090,"SWE"
"432","S1562",57.05228,12.69838,"Palearctic",2080033120,"SWE"
"433","S1566",57.0553,12.67054,"Palearctic",2080033120,"SWE"
"434","S1628",57.09669,12.63446,"Palearctic",2080033120,"SWE"
"435","S1633",57.10252,12.67887,"Palearctic",2080033120,"SWE"
"436","S1681",57.13973,12.72464,"Palearctic",2080033120,"SWE"
"437","S1743",57.16585,12.74852,"Palearctic",2080033120,"SWE"
"438","S1750",57.17098,12.77766,"Palearctic",2080033120,"SWE"
"439","S1761",57.17669,12.77255,"Palearctic",2080033120,"SWE"
"440","S1808",57.20382,12.81408,"Palearctic",2080033120,"SWE"
"441","S1838",57.23315,12.78736,"Palearctic",2080033120,"SWE"
"442","S2162",57.448,13.39069,"Palearctic",2080033120,"SWE"
"443","S2163",57.4484,13.36084,"Palearctic",2080033120,"SWE"
"444","S1849",57.24815,12.43587,"Palearctic",2080033190,"SWE"
"445","S1908",57.29366,12.39137,"Palearctic",2080033190,"SWE"
"446","S2071",57.36671,12.48154,"Palearctic",2080033190,"SWE"
"447","S2267",57.48197,12.71534,"Palearctic",2080033190,"SWE"
"448","S2301",57.49376,12.78454,"Palearctic",2080033190,"SWE"
"449","S2308",57.50345,12.84657,"Palearctic",2080033190,"SWE"
"450","S2446",57.55686,12.53198,"Palearctic",2080033190,"SWE"
"451","S2472",57.57279,12.55561,"Palearctic",2080033190,"SWE"
"452","S3119",57.88253,13.68031,"Palearctic",2080033320,"SWE"
"453","S3294",57.97713,12.19109,"Palearctic",2080033320,"SWE"
"454","S3340",58.00635,12.23081,"Palearctic",2080033320,"SWE"
"455","S3432",58.09998,12.12272,"Palearctic",2080033320,"SWE"
"456","S4155",59.0162,14.08908,"Palearctic",2080033320,"SWE"
"457","S4732",59.4763,14.52332,"Palearctic",2080033320,"SWE"
"458","S4734",59.48253,14.5178,"Palearctic",2080033320,"SWE"
"459","S4739",59.48629,14.51589,"Palearctic",2080033320,"SWE"
"460","S5804",60.49695,13.70757,"Palearctic",2080033320,"SWE"
"461","S690",51.40798,-0.349007394,"Palearctic",2080053790,"GBR"
"462","S6137",51.66122,-1.792057273,"Palearctic",2080053790,"GBR"
"463","S6354",51.64401,-1.821892109,"Palearctic",2080053790,"GBR"
"464","S1034",51.38355,-0.439373832,"Palearctic",2080053790,"GBR"
"465","S1087",51.38119,-0.461454564,"Palearctic",2080053790,"GBR"
"466","S1199",51.39586,-0.486391134,"Palearctic",2080053790,"GBR"
"467","S1236",51.5426,-0.489199417,"Palearctic",2080053790,"GBR"
"468","S1275",51.41337,-0.50209107,"Palearctic",2080053790,"GBR"
"469","S2447",51.54609,-0.8497534,"Palearctic",2080053790,"GBR"
"470","S2462",51.55877,-0.87147548,"Palearctic",2080053790,"GBR"
"471","S11286",51.83145,0.168965788,"Palearctic",2080053790,"GBR"
"472","S2483",51.51423,-0.880675368,"Palearctic",2080053790,"GBR"
"473","S2494",51.50053,-0.884627149,"Palearctic",2080053790,"GBR"
"474","S2751",51.46194,-0.939303537,"Palearctic",2080053790,"GBR"
"475","S2806",51.46111,-0.964095621,"Palearctic",2080053790,"GBR"
"476","S2928",51.43312,-1.031995652,"Palearctic",2080053790,"GBR"
"477","S2992",51.4923,-1.05782294,"Palearctic",2080053790,"GBR"
"478","S3042",51.47724,-1.084196088,"Palearctic",2080053790,"GBR"
"479","S3058",51.48619,-1.088654451,"Palearctic",2080053790,"GBR"
"480","S3189",51.52746,-1.14082107,"Palearctic",2080053790,"GBR"
"481","S3209",51.62774,-1.143638397,"Palearctic",2080053790,"GBR"
"482","S3383",51.65846,-1.194699008,"Palearctic",2080053790,"GBR"
"483","S3473",51.64508,-1.242773329,"Palearctic",2080053790,"GBR"
"484","S3680",51.78028,-1.299828648,"Palearctic",2080053790,"GBR"
"485","S479",51.81448,-0.288349136,"Palearctic",2080053790,"GBR"
"486","S5707",51.92684,-1.742552765,"Palearctic",2080053790,"GBR"
"487","S663",51.40426,-0.344885911,"Palearctic",2080053790,"GBR"
"488","S7990",-26.7522,152.9203,"Australasia",5080070260,"AUS"
"489","S7991",-26.7518,153.0817,"Australasia",5080070260,"AUS"
"490","S7997",-26.937,152.9809,"Australasia",5080070260,"AUS"
"491","S7998",-26.8512,152.9852,"Australasia",5080070260,"AUS"
"492","S7999",-26.8775,153.0088,"Australasia",5080070260,"AUS"
"493","S8000",-26.7725,153.038,"Australasia",5080070260,"AUS"
"494","S8001",-26.7785,152.9452,"Australasia",5080070260,"AUS"
"495","S8002",-26.76274,152.9709,"Australasia",5080070260,"AUS"
"496","S8045",-27.41626,153.0026,"Australasia",5080070390,"AUS"
"497","S8090",-26.6252,152.1829,"Australasia",5080070390,"AUS"
"498","S8091",-26.57197,152.2488,"Australasia",5080070390,"AUS"
"499","S8092",-26.8806,152.3809,"Australasia",5080070390,"AUS"
"500","S8093",-26.78268,152.2814,"Australasia",5080070390,"AUS"
"501","S8094",-26.96295,152.2928,"Australasia",5080070390,"AUS"
"502","S8095",-26.89723,152.2774,"Australasia",5080070390,"AUS"
"503","S8096",-26.97856,152.3336,"Australasia",5080070390,"AUS"
"504","S8097",-27.03113,152.3361,"Australasia",5080070390,"AUS"
"505","S8098",-27.15133,152.3138,"Australasia",5080070390,"AUS"
"506","S8099",-26.89513,152.3094,"Australasia",5080070390,"AUS"
"507","S8100",-27.2282,152.4379,"Australasia",5080070390,"AUS"
"508","S8101",-27.1299,152.6399,"Australasia",5080070390,"AUS"
"509","S8102",-27.2246,152.5554,"Australasia",5080070390,"AUS"
"510","S8103",-27.3057,152.6821,"Australasia",5080070390,"AUS"
"511","S8104",-26.79887,152.8241,"Australasia",5080070390,"AUS"
"512","S8105",-26.9707,152.6825,"Australasia",5080070390,"AUS"
"513","S8108",-26.8669,152.5246,"Australasia",5080070390,"AUS"
"514","S8109",-27.3593,152.3219,"Australasia",5080070390,"AUS"
"515","S8110",-27.4949,152.0878,"Australasia",5080070390,"AUS"
"516","S8114",-27.86752,152.2301,"Australasia",5080070390,"AUS"
"517","S8115",-27.85021,152.3909,"Australasia",5080070390,"AUS"
"518","S8116",-27.60235,152.377,"Australasia",5080070390,"AUS"
"519","S8119",-27.9886,152.4784,"Australasia",5080070390,"AUS"
"520","S8120",-28.01237,152.5596,"Australasia",5080070390,"AUS"
"521","S8121",-27.83204,152.5095,"Australasia",5080070390,"AUS"
"522","S8122",-27.66316,152.4614,"Australasia",5080070390,"AUS"
"523","S8123",-27.93221,152.6003,"Australasia",5080070390,"AUS"
"524","S8124",-27.4997,152.6898,"Australasia",5080070390,"AUS"
"525","S8126",-27.78081,152.7319,"Australasia",5080070390,"AUS"
"526","S8128",-27.4407,152.8905,"Australasia",5080070390,"AUS"
"527","S8129",-27.51293,153.0388,"Australasia",5080070390,"AUS"
"528","S8130",-27.553,153.1121,"Australasia",5080070390,"AUS"
"529","S8131",-27.59496,152.9396,"Australasia",5080070390,"AUS"
"530","S8132",-27.6105,153.0233,"Australasia",5080070390,"AUS"
"531","S8134",-26.8794,152.7309,"Australasia",5080070390,"AUS"
"532","S8135",-27.6214,152.9792,"Australasia",5080070390,"AUS"
"533","S8136",-27.62689,152.6688,"Australasia",5080070390,"AUS"
"534","S8138",-27.00615,152.715,"Australasia",5080070390,"AUS"
"535","S8188",-28.31903,152.9901,"Australasia",5080070440,"AUS"
"536","S8189",-28.23727,152.7427,"Australasia",5080070440,"AUS"
"537","S8190",-28.222,152.8594,"Australasia",5080070440,"AUS"
"538","S8191",-28.0994,152.8708,"Australasia",5080070440,"AUS"
"539","S8192",-28.2268,152.8899,"Australasia",5080070440,"AUS"
"540","S8193",-28.29325,153.0839,"Australasia",5080070440,"AUS"
"541","S8194",-28.2391,152.9955,"Australasia",5080070440,"AUS"
"542","S8195",-27.98743,152.9653,"Australasia",5080070440,"AUS"
"543","S8196",-27.9312,152.9488,"Australasia",5080070440,"AUS"
"544","S8197",-27.8213,153.0039,"Australasia",5080070440,"AUS"
"545","S8198",-28.2065,153.0403,"Australasia",5080070440,"AUS"
"546","S8199",-28.0965,153.0779,"Australasia",5080070440,"AUS"
"547","S8200",-27.8259,153.1787,"Australasia",5080070440,"AUS"
"548","S8201",-27.9726,153.1564,"Australasia",5080070440,"AUS"
"549","S8202",-28.1701,152.6803,"Australasia",5080070440,"AUS"
"550","S8203",-28.2146,152.532,"Australasia",5080070440,"AUS"
"551","S8204",-27.6632,153.2076,"Australasia",5080070440,"AUS"
"552","S8205",-27.64421,153.136,"Australasia",5080070440,"AUS"
"553","S6018",42.18286,-90.28564,"Nearctic",7080047060,"USA"
"554","S6923",42.12156,-90.17679,"Nearctic",7080047060,"USA"
"555","S8633",38.91544,-90.27086,"Nearctic",7080047060,"USA"
"556","S8888",38.87213,-90.17989,"Nearctic",7080047060,"USA"
"557","S9019",38.92018,-90.39803,"Nearctic",7080047060,"USA"
"558","S1296",42.13602,-90.18992,"Nearctic",7080047060,"USA"
"559","S9163",38.91535,-90.54612,"Nearctic",7080047060,"USA"
"560","S9445",38.91654,-90.50245,"Nearctic",7080047060,"USA"
"561","S9840",40.13539,-90.26347,"Nearctic",7080047060,"USA"
"562","S9964",40.28857,-90.07446,"Nearctic",7080047060,"USA"
"563","S10203",40.1905,-90.16241,"Nearctic",7080047060,"USA"
"564","S10328",40.46382,-89.84873,"Nearctic",7080047060,"USA"
"565","S10458",37.32581,-89.45305,"Nearctic",7080047060,"USA"
"566","S10580",37.35653,-89.44868,"Nearctic",7080047060,"USA"
"567","S10806",37.2607,-89.43107,"Nearctic",7080047060,"USA"
"568","S10918",37.24652,-89.52431,"Nearctic",7080047060,"USA"
"569","S11151",44.38612,-91.99512,"Nearctic",7080047060,"USA"
"570","S11264",44.38792,-92.0354,"Nearctic",7080047060,"USA"
"571","S11383",44.38425,-92.02346,"Nearctic",7080047060,"USA"
"572","S11618",44.37782,-92.0065,"Nearctic",7080047060,"USA"
"573","S11784",43.73241,-91.24505,"Nearctic",7080047060,"USA"
"574","S11816",43.65154,-91.2328,"Nearctic",7080047060,"USA"
"575","S11830",43.74075,-91.26035,"Nearctic",7080047060,"USA"
"576","S11849",43.77362,-91.25849,"Nearctic",7080047060,"USA"
"577","S11872",43.74442,-91.2508,"Nearctic",7080047060,"USA"
"578","S5110",41.95499,-90.15572,"Nearctic",7080047060,"USA"
"579","S5557",42.09582,-90.16816,"Nearctic",7080047060,"USA"
"580","S9313",41.81973,-87.74319,"Nearctic",7080047060,"USA"
"581","S1298",41.57059,-88.07832,"Nearctic",7080047060,"USA"
"582","S9447",41.82067,-87.81062,"Nearctic",7080047060,"USA"
"583","S11384",41.97865,-88.13317,"Nearctic",7080047060,"USA"
"584","S11498",41.99295,-87.99526,"Nearctic",7080047060,"USA"
"585","S11804",42.01869,-87.93668,"Nearctic",7080047060,"USA"
"586","S3234",41.59651,-88.06865,"Nearctic",7080047060,"USA"
"587","S11988",42.15273,-87.91006,"Nearctic",7080047060,"USA"
"588","S9165",41.80112,-87.80157,"Nearctic",7080047060,"USA"
"589","S9269",40.68778,-80.29972,"Nearctic",7080047060,"USA"
"590","S6120",38.81267,-84.2256,"Nearctic",7080047060,"USA"
"591","S6165",38.82161,-84.2271,"Nearctic",7080047060,"USA"
"592","S176",37.06972,-89.15639,"Nearctic",7080047060,"USA"
"593","S8702",39.9528,-80.76328,"Nearctic",7080047060,"USA"
"594","S5610",38.72556,-83.03,"Nearctic",7080047060,"USA"
"595","S5646",38.72912,-82.97076,"Nearctic",7080047060,"USA"
"596","S9272",40.69001,-80.29407,"Nearctic",7080047060,"USA"
"597","S936",37.41556,-88.34556,"Nearctic",7080047060,"USA"
"598","S995",37.44917,-88.29389,"Nearctic",7080047060,"USA"
"599","S4287",38.49222,-85.48056,"Nearctic",7080047060,"USA"
"600","S4401",38.52806,-85.41806,"Nearctic",7080047060,"USA"
"601","S4573",38.5475,-82.29111,"Nearctic",7080047060,"USA"
"602","S4668",38.57667,-82.28833,"Nearctic",7080047060,"USA"
"603","S1664",37.82056,-87.06028,"Nearctic",7080047060,"USA"
"604","S1697",37.82528,-87.05778,"Nearctic",7080047060,"USA"
"605","S8637",34.47341,-104.2597,"Nearctic",7080049270,"USA"
"606","S8762",33.39874,-104.3986,"Nearctic",7080049270,"USA"
"607","S8891",33.28178,-104.3563,"Nearctic",7080049270,"USA"
"608","S9167",32.98959,-104.3174,"Nearctic",7080049270,"USA"
"609","S9315",32.84051,-104.3239,"Nearctic",7080049270,"USA"
"610","S9449",32.59824,-104.3499,"Nearctic",7080049270,"USA"
"611","S9583",34.40295,-104.2005,"Nearctic",7080049270,"USA"
"612","S9721",33.93357,-104.2746,"Nearctic",7080049270,"USA"
"613","S9965",33.81852,-104.2951,"Nearctic",7080049270,"USA"
"614","S10089",33.75503,-104.3063,"Nearctic",7080049270,"USA"
"615","S10329",33.57142,-104.3718,"Nearctic",7080049270,"USA"
"616","S10459",33.45235,-104.3789,"Nearctic",7080049270,"USA"
